{
  "count": 21155,
  "logistic_50": {
    "w": 0.7192075252532959,
    "b": -3.4416637420654297,
    "area_at_50pct": 119.7439337159124
  },
  "logistic_85": {
    "w": 0.6687264442443848,
    "b": -3.548793077468872,
    "area_at_50pct": 201.70241036486428
  },
  "bins_50": {
    "centers": [
      1.7570586481859172,
      2.5566211204607745,
      3.356183592735632,
      4.155746065010489,
      4.9553085372853465,
      5.754871009560204,
      6.554433481835061,
      7.3539959541099185,
      8.153558426384775,
      8.953120898659632,
      9.75268337093449,
      10.552245843209347,
      11.351808315484204,
      12.151370787759062,
      12.950933260033919
    ],
    "means": [
      0.0,
      0.0,
      0.0,
      0.3816793893129771,
      0.5857740585774058,
      0.682825484764543,
      0.7505651846269782,
      0.8470422535211267,
      0.9308570509728252,
      0.9574504153246313,
      0.9691650853889943,
      0.9695121951219512,
      0.813953488372093,
      0.8666666666666667,
      0.5
    ],
    "counts": [
      2,
      1,
      2,
      131,
      478,
      722,
      1327,
      3550,
      6219,
      5899,
      2108,
      656,
      43,
      15,
      2
    ]
  },
  "bins_85": {
    "centers": [
      1.7570586481859172,
      2.5566211204607745,
      3.356183592735632,
      4.155746065010489,
      4.9553085372853465,
      5.754871009560204,
      6.554433481835061,
      7.3539959541099185,
      8.153558426384775,
      8.953120898659632,
      9.75268337093449,
      10.552245843209347,
      11.351808315484204,
      12.151370787759062,
      12.950933260033919
    ],
    "means": [
      0.0,
      0.0,
      0.0,
      0.22137404580152673,
      0.49372384937238495,
      0.6080332409972299,
      0.6525998492840994,
      0.783661971830986,
      0.8877633059977489,
      0.927614849974572,
      0.9335863377609108,
      0.9435975609756098,
      0.7674418604651163,
      0.8,
      0.5
    ],
    "counts": [
      2,
      1,
      2,
      131,
      478,
      722,
      1327,
      3550,
      6219,
      5899,
      2108,
      656,
      43,
      15,
      2
    ]
  }
}