{
  "config": {
    "ckpt": "stable_runs/20260115_134958/exp1_clean/checkpoints/best",
    "image_name": "model_baked.png",
    "test_txt": null,
    "factors": [
      "blur",
      "thicken",
      "texture",
      "clutter"
    ],
    "levels": [
      "mild",
      "medium",
      "strong"
    ],
    "score_thresh": 0.0,
    "topk_pre": 0,
    "final_k": 0,
    "use_per_class_thresh": false,
    "with_embedding": false,
    "limit": 0
  },
  "baseline": {
    "count_images": 399,
    "ap50_mean": 0.8812353787886765,
    "ap75_mean": 0.8634493273932927,
    "error_decomposition": {
      "total": 21155,
      "missed": 2164,
      "loose": 1013,
      "tight": 17978,
      "missed_frac": 0.102292602221697,
      "loose_frac": 0.047884660836681636,
      "tight_frac": 0.8498227369416214
    },
    "size": {
      "count": 21155,
      "logistic_50": {
        "w": 0.7192075252532959,
        "b": -3.4416637420654297,
        "area_at_50pct": 119.7439337159124
      },
      "logistic_85": {
        "w": 0.6687264442443848,
        "b": -3.548793077468872,
        "area_at_50pct": 201.70241036486428
      }
    }
  },
  "factors": {
    "blur": {
      "mild": {
        "count_images": 399,
        "ap50_mean": 0.876902386639166,
        "ap75_mean": 0.8551911800374241,
        "error_decomposition": {
          "total": 21155,
          "missed": 2312,
          "loose": 1239,
          "tight": 17604,
          "missed_frac": 0.10928858425904042,
          "loose_frac": 0.058567714488300636,
          "tight_frac": 0.8321437012526589
        },
        "size": {
          "count": 21155,
          "logistic_50": {
            "w": 0.7539793848991394,
            "b": -3.7836339473724365,
            "area_at_50pct": 151.14193487257037
          },
          "logistic_85": {
            "w": 0.709410548210144,
            "b": -4.009025573730469,
            "area_at_50pct": 284.63469956968623
          }
        },
        "delta_ap50_mean": 0.0043329921495105506,
        "delta_ap75_mean": 0.008258147355868606
      },
      "medium": {
        "count_images": 399,
        "ap50_mean": 0.8070498014170004,
        "ap75_mean": 0.7469093010294892,
        "error_decomposition": {
          "total": 21155,
          "missed": 3120,
          "loose": 2846,
          "tight": 15189,
          "missed_frac": 0.1474828645710234,
          "loose_frac": 0.13453084377215788,
          "tight_frac": 0.7179862916568187
        },
        "size": {
          "count": 21155,
          "logistic_50": {
            "w": 0.9318432211875916,
            "b": -5.518069744110107,
            "area_at_50pct": 373.0348401782459
          },
          "logistic_85": {
            "w": 0.9604343771934509,
            "b": -6.759912967681885,
            "area_at_50pct": 1139.5529360882683
          }
        },
        "delta_ap50_mean": 0.07418557737167608,
        "delta_ap75_mean": 0.11654002636380356
      },
      "strong": {
        "count_images": 399,
        "ap50_mean": 0.6187813793498257,
        "ap75_mean": 0.48635626856660147,
        "error_decomposition": {
          "total": 21155,
          "missed": 5537,
          "loose": 5946,
          "tight": 9672,
          "missed_frac": 0.26173481446466557,
          "loose_frac": 0.2810683053651619,
          "tight_frac": 0.4571968801701725
        },
        "size": {
          "count": 21155,
          "logistic_50": {
            "w": 1.1787101030349731,
            "b": -8.345803260803223,
            "area_at_50pct": 1188.5085805555666
          },
          "logistic_85": {
            "w": 1.089568853378296,
            "b": -9.220011711120605,
            "area_at_50pct": 4731.859301766957
          }
        },
        "delta_ap50_mean": 0.26245399943885084,
        "delta_ap75_mean": 0.37709305882669125
      }
    },
    "thicken": {
      "mild": {
        "count_images": 399,
        "ap50_mean": 0.6239748342692649,
        "ap75_mean": 0.5607943364675293,
        "error_decomposition": {
          "total": 21155,
          "missed": 5190,
          "loose": 4474,
          "tight": 11491,
          "missed_frac": 0.2453320727960293,
          "loose_frac": 0.21148664618293547,
          "tight_frac": 0.5431812810210352
        },
        "size": {
          "count": 21155,
          "logistic_50": {
            "w": 0.7011151909828186,
            "b": -4.488122463226318,
            "area_at_50pct": 602.691374110616
          },
          "logistic_85": {
            "w": 1.04635751247406,
            "b": -8.420548439025879,
            "area_at_50pct": 3125.9295120816832
          }
        },
        "delta_ap50_mean": 0.2572605445194116,
        "delta_ap75_mean": 0.3026549909257634
      },
      "medium": {
        "count_images": 399,
        "ap50_mean": 0.2527223808080798,
        "ap75_mean": 0.16757698170618898,
        "error_decomposition": {
          "total": 21155,
          "missed": 11138,
          "loose": 6275,
          "tight": 3742,
          "missed_frac": 0.5264949184589931,
          "loose_frac": 0.29662018435358073,
          "tight_frac": 0.17688489718742614
        },
        "size": {
          "count": 21155,
          "logistic_50": {
            "w": 0.5649774074554443,
            "b": -4.765684127807617,
            "area_at_50pct": 4606.282723265615
          },
          "logistic_85": {
            "w": 0.9803395867347717,
            "b": -9.932894706726074,
            "area_at_50pct": 25136.993868302878
          }
        },
        "delta_ap50_mean": 0.6285129979805968,
        "delta_ap75_mean": 0.6958723456871038
      },
      "strong": {
        "count_images": 399,
        "ap50_mean": 0.09050379058290009,
        "ap75_mean": 0.04150681061393651,
        "error_decomposition": {
          "total": 21155,
          "missed": 15345,
          "loose": 4919,
          "tight": 891,
          "missed_frac": 0.7253604348853699,
          "loose_frac": 0.2325218624438667,
          "tight_frac": 0.04211770267076341
        },
        "size": {
          "count": 21155,
          "logistic_50": {
            "w": 0.4929094910621643,
            "b": -5.090336799621582,
            "area_at_50pct": 30550.08390301831
          },
          "logistic_85": {
            "w": 0.9761954545974731,
            "b": -11.63243293762207,
            "area_at_50pct": 149655.31728115818
          }
        },
        "delta_ap50_mean": 0.7907315882057764,
        "delta_ap75_mean": 0.8219425167793563
      }
    },
    "texture": {
      "mild": {
        "count_images": 399,
        "ap50_mean": 0.7860645043003714,
        "ap75_mean": 0.7645878720176839,
        "error_decomposition": {
          "total": 21155,
          "missed": 3039,
          "loose": 1097,
          "tight": 17019,
          "missed_frac": 0.1436539825100449,
          "loose_frac": 0.05185535334436304,
          "tight_frac": 0.804490664145592
        },
        "size": {
          "count": 21155,
          "logistic_50": {
            "w": 0.7338301539421082,
            "b": -3.986222505569458,
            "area_at_50pct": 228.62379216799422
          },
          "logistic_85": {
            "w": 0.6692992448806763,
            "b": -3.9095985889434814,
            "area_at_50pct": 344.2372987023922
          }
        },
        "delta_ap50_mean": 0.09517087448830508,
        "delta_ap75_mean": 0.09886145537560886
      },
      "medium": {
        "count_images": 399,
        "ap50_mean": 0.6906861741718209,
        "ap75_mean": 0.6603150896651548,
        "error_decomposition": {
          "total": 21155,
          "missed": 3965,
          "loose": 1237,
          "tight": 15953,
          "missed_frac": 0.18742614039234223,
          "loose_frac": 0.0584731741904987,
          "tight_frac": 0.754100685417159
        },
        "size": {
          "count": 21155,
          "logistic_50": {
            "w": 0.8190908432006836,
            "b": -5.006958961486816,