{
  "run_dir": "stable_runs/20260115_134958/exp1_clean",
  "ckpt": "stable_runs/20260115_134958/exp1_clean/checkpoints/best",
  "split": "test",
  "epoch": null,
  "classes": [
    "WINDOW",
    "DOOR"
  ],
  "coco_stats": {
    "AP": 0.8073944442681925,
    "AP50": 0.831672393130904,
    "AP75": 0.8235144883513282,
    "AP_small": 0.7004740909656596,
    "AP_medium": 0.8872710748182424,
    "AP_large": 0.5657939235312277,
    "AR_1": 0.09249347918393755,
    "AR_10": 0.6867268648635291,
    "AR_100": 0.9604011003947311,
    "AR_small": 0.8112339743589745,
    "AR_medium": 0.9734027383960802,
    "AR_large": 0.9876704545454545
  },
  "per_class_ap": {
    "WINDOW": {
      "ap": 0.9207668887029934,
      "ap50": 0.9592607386165003,
      "ap75": 0.9441754635821681
    },
    "DOOR": {
      "ap": 0.694021999833392,
      "ap50": 0.7040840476453074,
      "ap75": 0.7028535131204885
    }
  }
}