{
  "run_dir": "stable_runs/20260115_134958/exp2_scanned",
  "ckpt": "stable_runs/20260115_134958/exp2_scanned/checkpoints/best",
  "split": "test",
  "epoch": null,
  "classes": [
    "WINDOW",
    "DOOR"
  ],
  "coco_stats": {
    "AP": 0.5220725088178784,
    "AP50": 0.7506252786302271,
    "AP75": 0.5987797056804324,
    "AP_small": 0.10586544666688184,
    "AP_medium": 0.5711037031954338,
    "AP_large": 0.5667324042006117,
    "AR_1": 0.08185703405652048,
    "AR_10": 0.5244632935906163,
    "AR_100": 0.6647535457288375,
    "AR_small": 0.22443311708371944,
    "AR_medium": 0.7046891828440007,
    "AR_large": 0.7352359346642469
  },
  "per_class_ap": {
    "WINDOW": {
      "ap": 0.5375111602513023,
      "ap50": 0.7221985525121832,
      "ap75": 0.6286600248346307
    },
    "DOOR": {
      "ap": 0.5066338573844545,
      "ap50": 0.7790520047482707,
      "ap75": 0.5688993865262343
    }
  }
}