run_name,total_gt,missed,loose,tight,missed_frac,loose_frac,tight_frac
clean,21155,2164,1013,17978,0.102293,0.047885,0.849823
scanned,21328,5445,7327,8556,0.255298,0.343539,0.401163
